Station,Setup_date,Retrieval_date.Function.Date,Latitude,Longitude
Cell100Camera1,6/5/2016,9/25/2016,0,0
Cell100Camera2,6/5/2016,9/25/2016,0,0
Cell100Camera3,6/5/2016,9/25/2016,0,0
Cell101Camera1,7/12/2017,9/24/2017,0,0
Cell101Camera2,7/12/2017,9/24/2017,0,0
Cell101Camera3,7/12/2017,8/17/2017,0,0
Cell101Camera4,7/13/2017,9/24/2017,0,0
Cell104Camera1,7/10/2017,9/23/2017,0,0
Cell104Camera2,7/11/2017,9/23/2017,0,0
Cell104Camera3,7/11/2017,9/23/2017,0,0
Cell104Camera4,7/11/2017,9/23/2017,0,0
Cell106Camera3,7/10/2017,9/23/2017,0,0
Cell106Camera4,7/11/2017,9/23/2017,0,0
Cell10Camera1K,8/9/2017,10/21/2017,0,0
Cell10Camera2K,8/9/2017,10/21/2017,0,0
Cell10Camera3K,8/9/2017,10/21/2017,0,0
Cell10Camera4K,8/9/2017,10/21/2017,0,0
Cell113Camera1,7/11/2017,9/24/2017,0,0
Cell113Camera2,7/11/2017,9/24/2017,0,0
Cell113Camera3,7/11/2017,9/24/2017,0,0
Cell113Camera4,7/11/2017,9/24/2017,0,0
Cell114Camera1,7/12/2017,9/23/2017,0,0
Cell114Camera2,7/12/2017,9/23/2017,0,0
Cell114Camera3,7/12/2017,9/24/2017,0,0
Cell114Camera4,7/12/2017,9/24/2017,0,0
Cell116Camera1,7/12/2017,9/24/2017,0,0
Cell116Camera2,7/12/2017,9/24/2017,0,0
Cell116Camera3,7/12/2017,9/24/2017,0,0
Cell116Camera4,7/12/2017,9/24/2017,0,0
Cell119Camera2,7/13/2017,9/25/2017,0,0
Cell119Camera4,7/14/2017,9/25/2017,0,0
Cell11Camera1K,8/27/2016,10/9/2016,0,0
Cell11Camera2K,8/27/2016,10/9/2016,0,0
Cell11Camera3K,8/28/2016,10/9/2016,0,0
Cell11Camera4K,8/28/2016,10/9/2016,0,0
Cell120Camera2,7/13/2017,9/24/2017,0,0
Cell120Camera3,7/13/2017,9/25/2017,0,0
Cell120Camera4,7/13/2017,9/24/2017,0,0
Cell121Camera1,7/21/2016,9/25/2016,0,0
Cell121Camera2,7/21/2016,9/25/2016,0,0
Cell121Camera3,7/21/2016,9/25/2016,0,0
Cell123Camera1,7/16/2016,10/2/2016,0,0
Cell123Camera2,7/16/2016,10/2/2016,0,0
Cell123Camera3,7/16/2016,10/2/2016,0,0
Cell124Camera1,7/14/2016,9/30/2016,0,0
Cell124Camera2,7/15/2016,10/1/2016,0,0
Cell124Camera3,7/15/2016,10/1/2016,0,0
Cell124Camera4,7/15/2016,10/1/2016,0,0
Cell124Camera5,7/15/2016,9/30/2016,0,0
Cell125Camera1,7/14/2016,10/1/2016,0,0
Cell125Camera2,7/15/2016,8/23/2016,0,0
Cell125Camera3,7/16/2016,9/30/2016,0,0
Cell125Camera4,7/16/2016,10/2/2016,0,0
Cell125Camera5,7/16/2016,10/2/2016,0,0
Cell126Camera1,7/14/2016,9/30/2016,0,0
Cell126Camera2,7/14/2016,10/1/2016,0,0
Cell126Camera3,7/14/2016,9/30/2016,0,0
Cell127Camera1,7/14/2016,9/30/2016,0,0
Cell127Camera2,7/14/2016,9/30/2016,0,0
Cell127Camera3,7/14/2016,10/1/2016,0,0
Cell129Camera1,6/5/2016,9/9/2016,0,0
Cell129Camera2,6/5/2016,9/9/2016,0,0
Cell129Camera3,6/7/2016,9/10/2016,0,0
Cell12Camera1K,7/28/2016,10/7/2016,0,0
Cell12Camera2K,7/28/2016,10/7/2016,0,0
Cell12Camera3K,7/28/2016,10/7/2016,0,0
Cell12Camera4K,7/28/2016,10/7/2016,0,0
Cell130Camera1,6/20/2017,10/12/2017,0,0
Cell130Camera2,6/20/2017,8/6/2017,0,0
Cell130Camera3,6/20/2017,10/12/2017,0,0
Cell130Camera4,6/20/2017,8/20/2017,0,0
Cell131Camera1,6/21/2017,10/13/2017,0,0
Cell131Camera2,6/21/2017,10/12/2017,0,0
Cell131Camera3,6/21/2017,7/19/2017,0,0
Cell131Camera4,6/21/2017,10/13/2017,0,0
Cell133Camera1,6/6/2016,9/9/2016,0,0
Cell133Camera2,6/6/2016,9/9/2016,0,0
Cell133Camera3,6/6/2016,9/9/2016,0,0
Cell134Camera1,7/26/2017,10/13/2017,0,0
Cell134Camera2,7/26/2017,8/16/2017,0,0
Cell134Camera3,7/26/2017,10/13/2017,0,0
Cell134Camera4,7/26/2017,10/13/2017,0,0
Cell136Camera1,7/3/2017,9/3/2017,0,0
Cell136Camera2,7/3/2017,9/3/2017,0,0
Cell136Camera3,7/3/2017,9/3/2017,0,0
Cell136Camera4,7/3/2017,9/3/2017,0,0
Cell137Camera1,6/7/2016,9/10/2016,0,0
Cell137Camera2,6/7/2016,9/10/2016,0,0
Cell137Camera3,6/8/2016,9/10/2016,0,0
Cell138Camera1,6/6/2016,9/9/2016,0,0
Cell138Camera2,6/6/2016,9/9/2016,0,0
Cell138Camera3,7/10/2016,9/9/2016,0,0
Cell138Camera4,7/10/2016,9/9/2016,0,0
Cell138Camera5,7/10/2016,9/9/2016,0,0
Cell139Camera1,6/10/2016,9/2/2016,0,0
Cell139Camera2,6/10/2016,9/10/2016,0,0
Cell139Camera3,6/10/2016,9/10/2016,0,0
Cell139Camera4,6/10/2016,9/10/2016,0,0
Cell139Camera5,6/10/2016,9/10/2016,0,0
Cell13Camera1K,5/27/2016,7/26/2016,0,0
Cell13Camera2K,5/28/2016,7/27/2016,0,0
Cell13Camera3K,5/28/2016,7/27/2016,0,0
Cell13Camera4K,5/28/2016,7/27/2016,0,0
Cell143Camera1,7/14/2017,9/25/2017,0,0
Cell143Camera2,7/14/2017,9/25/2017,0,0
Cell143Camera3,7/15/2017,9/26/2017,0,0
Cell143Camera4,7/15/2017,9/26/2017,0,0
Cell145Camera1,7/15/2016,8/13/2016,0,0
Cell145Camera2,7/15/2016,10/1/2016,0,0
Cell145Camera3,7/15/2016,10/1/2016,0,0
Cell148Camera1,6/3/2016,8/20/2016,0,0
Cell148Camera2,6/3/2016,8/20/2016,0,0
Cell148Camera3,6/3/2016,8/20/2016,0,0
Cell14Camera1K,8/7/2017,10/6/2017,0,0
Cell14Camera2K,8/7/2017,10/6/2017,0,0
Cell14Camera3K,8/7/2017,10/6/2017,0,0
Cell14Camera4K,8/7/2017,10/7/2017,0,0
Cell150Camera1,7/13/2017,9/24/2017,0,0
Cell150Camera4,7/13/2017,9/12/2017,0,0
Cell15Camera2K,6/11/2017,7/13/2017,0,0
Cell15Camera3K,6/11/2017,8/10/2017,0,0
Cell15Camera4K,6/12/2017,8/10/2017,0,0
Cell167Camera1,7/8/2016,9/24/2016,0,0
Cell167Camera2,7/8/2016,9/24/2016,0,0
Cell167Camera3,7/8/2016,9/24/2016,0,0
Cell167Camera4,7/8/2016,9/24/2016,0,0
Cell16Camera2K,6/12/2017,8/10/2017,0,0
Cell16Camera3K,6/12/2017,8/10/2017,0,0
Cell16Camera4K,6/12/2017,8/10/2017,0,0
Cell170Camera1,6/10/2016,9/11/2016,0,0
Cell170Camera2,6/10/2016,9/11/2016,0,0
Cell170Camera3,6/10/2016,9/11/2016,0,0
Cell170Camera4,6/10/2016,9/11/2016,0,0
Cell170Camera5,6/10/2016,9/10/2016,0,0
Cell171Camera1,7/6/2016,9/25/2016,0,0
Cell171Camera2,7/7/2016,9/25/2016,0,0
Cell171Camera3,7/7/2016,9/25/2016,0,0
Cell173Camera1,7/13/2017,9/20/2017,0,0
Cell173Camera2,7/13/2017,9/20/2017,0,0
Cell173Camera3,7/13/2017,9/20/2017,0,0
Cell174Camera1,6/20/2017,8/19/2017,0,0
Cell174Camera2,6/20/2017,8/19/2017,0,0
Cell174Camera4,6/20/2017,8/19/2017,0,0
Cell17Camera1,7/21/2016,9/25/2016,0,0
Cell17Camera1K,6/11/2017,8/11/2017,0,0
Cell17Camera2,7/21/2016,9/25/2016,0,0
Cell17Camera4K,6/11/2017,7/5/2017,0,0
Cell180Camera1,6/9/2016,9/11/2016,0,0
Cell180Camera2,6/9/2016,9/11/2016,0,0
Cell180Camera3,6/9/2016,9/11/2016,0,0
Cell181Camera1,6/8/2016,9/11/2016,0,0
Cell181Camera2,6/8/2016,9/11/2016,0,0
Cell181Camera3,6/8/2016,9/11/2016,0,0
Cell182Camera1,6/8/2016,9/11/2016,0,0
Cell182Camera3,6/8/2016,9/11/2016,0,0
Cell183Camera1,6/26/2017,9/2/2017,0,0
Cell183Camera2,6/26/2017,9/2/2017,0,0
Cell183Camera3,6/26/2017,9/2/2017,0,0
Cell183Camera4,6/26/2017,9/2/2017,0,0
Cell185Camera1,7/26/2017,10/16/2017,0,0
Cell185Camera2,7/26/2017,10/16/2017,0,0
Cell185Camera3,7/26/2017,10/16/2017,0,0
Cell185Camera4,7/26/2017,10/16/2017,0,0
Cell186Camera1,7/5/2017,9/14/2017,0,0
Cell186Camera2,7/5/2017,9/14/2017,0,0
Cell186Camera3,7/5/2017,9/14/2017,0,0
Cell187Camera1,6/29/2017,10/10/2017,0,0
Cell187Camera2,6/29/2017,10/10/2017,0,0
Cell187Camera3,6/29/2017,10/9/2017,0,0
Cell18Camera1K,5/23/2016,7/2/2016,0,0
Cell18Camera2K,5/23/2016,8/10/2016,0,0
Cell18Camera3K,5/23/2016,8/10/2016,0,0
Cell18Camera4K,5/23/2016,8/10/2016,0,0
Cell190Camera1,6/7/2016,9/6/2016,0,0
Cell190Camera3,6/8/2016,9/6/2016,0,0
Cell1Camera1K,6/9/2017,8/6/2017,0,0
Cell1Camera2K,6/9/2017,8/6/2017,0,0
Cell1Camera3K,6/9/2017,8/6/2017,0,0
Cell1Camera4K,6/9/2017,8/6/2017,0,0
Cell1Camera5K,8/6/2017,10/6/2017,0,0
Cell203Camera1,6/28/2016,9/27/2016,0,0
Cell203Camera2,6/28/2016,9/27/2016,0,0
Cell203Camera3,6/28/2016,9/27/2016,0,0
Cell204Camera1,7/28/2017,10/3/2017,0,0
Cell204Camera2,8/1/2017,10/4/2017,0,0
Cell204Camera3,8/1/2017,10/4/2017,0,0
Cell204Camera4,8/2/2017,10/3/2017,0,0
Cell207Camera1,7/22/2017,9/22/2017,0,0
Cell207Camera2,7/22/2017,9/22/2017,0,0
Cell207Camera3,7/22/2017,9/22/2017,0,0
Cell207Camera4,7/22/2017,9/22/2017,0,0
Cell213Camera1,7/11/2017,9/2/2017,0,0
Cell213Camera2,7/11/2017,9/13/2017,0,0
Cell213Camera3,7/11/2017,9/13/2017,0,0
Cell213Camera4,7/11/2017,9/13/2017,0,0
Cell214Camera1,6/23/2017,8/25/2017,0,0
Cell214Camera2,6/23/2017,8/25/2017,0,0
Cell214Camera3,6/24/2017,8/25/2017,0,0
Cell214Camera4,6/24/2017,8/25/2017,0,0
Cell215Camera1,6/8/2016,9/5/2016,0,0
Cell215Camera2,6/8/2016,9/7/2016,0,0
Cell215Camera3,6/8/2016,9/7/2016,0,0
Cell217Camera1,6/22/2017,10/2/2017,0,0
Cell217Camera2,6/22/2017,10/2/2017,0,0
Cell217Camera3,6/22/2017,9/7/2017,0,0
Cell218Camera1,6/21/2016,9/19/2016,0,0
Cell218Camera2,6/21/2016,9/19/2016,0,0
Cell218Camera3,6/21/2016,9/19/2016,0,0
Cell220Camera1,8/1/2017,10/9/2017,0,0
Cell220Camera2,8/1/2017,10/9/2017,0,0
Cell220Camera3,8/1/2017,10/9/2017,0,0
Cell220Camera4,8/1/2017,10/9/2017,0,0
Cell221Camera1,6/22/2017,10/3/2017,0,0
Cell221Camera2,6/22/2017,10/3/2017,0,0
Cell221Camera3,6/22/2017,10/3/2017,0,0
Cell221Camera4,6/22/2017,10/3/2017,0,0
Cell224Camera1,6/13/2016,9/15/2016,0,0
Cell224Camera2,6/20/2016,8/23/2016,0,0
Cell224Camera3,6/20/2016,8/23/2016,0,0
Cell224Camera4,6/24/2016,9/22/2016,0,0
Cell224Camera5,6/24/2016,8/23/2016,0,0
Cell225Camera1,6/3/2016,8/14/2016,0,0
Cell225Camera2,6/3/2016,8/15/2016,0,0
Cell225Camera3,6/3/2016,8/14/2016,0,0
Cell225Camera4,6/2/2016,8/13/2016,0,0
Cell225Camera5,6/3/2016,8/14/2016,0,0
Cell226Camera1,6/26/2016,9/29/2016,0,0
Cell226Camera2,6/26/2016,9/29/2016,0,0
Cell226Camera3,6/26/2016,9/29/2016,0,0
Cell227Camera1,6/13/2017,10/2/2017,0,0
Cell227Camera2,6/13/2017,10/3/2017,0,0
Cell227Camera3,6/13/2017,10/2/2017,0,0
Cell227Camera4,6/13/2017,10/3/2017,0,0
Cell228Camera1,7/12/2017,9/16/2017,0,0
Cell228Camera2,7/12/2017,9/16/2017,0,0
Cell228Camera4,7/12/2017,9/16/2017,0,0
Cell22Camera1,7/11/2017,9/24/2017,0,0
Cell22Camera2,7/11/2017,9/24/2017,0,0
Cell22Camera4,7/11/2017,9/24/2017,0,0
Cell231Camera1,6/9/2016,9/10/2016,0,0
Cell231Camera2,6/9/2016,9/10/2016,0,0
Cell231Camera3,6/23/2016,10/3/2016,0,0
Cell232Camera1,6/8/2016,9/9/2016,0,0
Cell232Camera2,6/9/2016,9/9/2016,0,0
Cell232Camera3,6/9/2016,9/9/2016,0,0
Cell234Camera1,6/14/2016,8/5/2016,0,0
Cell234Camera2,5/16/2016,8/5/2016,0,0
Cell234Camera3,6/7/2016,9/5/2016,0,0
Cell235Camera1,5/15/2016,8/4/2016,0,0
Cell235Camera2,6/14/2016,8/4/2016,0,0
Cell235Camera3,5/15/2016,8/5/2016,0,0
Cell235Camera4,5/15/2016,8/4/2016,0,0
Cell235Camera5,5/15/2016,8/4/2016,0,0
Cell236Camera1,7/6/2017,9/12/2017,0,0
Cell236Camera2,7/6/2017,8/11/2017,0,0
Cell236Camera3,7/6/2017,9/12/2017,0,0
Cell236Camera4,7/6/2017,9/12/2017,0,0
Cell237Camera1,6/14/2016,9/14/2016,0,0
Cell237Camera2,6/14/2016,9/14/2016,0,0
Cell237Camera3,6/14/2016,9/14/2016,0,0
Cell238Camera1,6/16/2016,9/18/2016,0,0
Cell238Camera2,6/19/2016,9/20/2016,0,0
Cell238Camera3,6/19/2016,9/18/2016,0,0
Cell239Camera1,6/15/2016,8/4/2016,0,0
Cell239Camera2,6/15/2016,8/4/2016,0,0
Cell239Camera3,6/15/2016,8/4/2016,0,0
Cell239Camera4,6/14/2016,8/4/2016,0,0
Cell239Camera5,6/15/2016,8/4/2016,0,0
Cell23Camera1,7/12/2017,9/24/2017,0,0
Cell23Camera2,7/12/2017,9/24/2017,0,0
Cell23Camera3,7/12/2017,9/24/2017,0,0
Cell23Camera4,7/12/2017,9/24/2017,0,0
Cell241Camera1,6/13/2016,9/12/2016,0,0
Cell241Camera2,6/13/2016,9/12/2016,0,0
Cell241Camera3,6/13/2016,9/12/2016,0,0
Cell242Camera1,7/27/2017,10/15/2017,0,0
Cell242Camera2,7/27/2017,10/15/2017,0,0
Cell242Camera3,7/27/2017,10/15/2017,0,0
Cell242Camera4,7/28/2017,10/15/2017,0,0
Cell244Camera1,7/27/2017,10/14/2017,0,0
Cell244Camera2,7/27/2017,10/14/2017,0,0
Cell244Camera3,7/27/2017,10/14/2017,0,0
Cell244Camera4,7/27/2017,9/28/2017,0,0
Cell245Camera1,6/30/2016,9/28/2016,0,0
Cell245Camera2,6/30/2016,9/28/2016,0,0
Cell245Camera3,6/30/2016,9/28/2016,0,0
Cell24Camera1,7/16/2016,10/2/2016,0,0
Cell24Camera2,7/16/2016,10/2/2016,0,0
Cell24Camera3,7/16/2016,10/2/2016,0,0
Cell251Camera1,7/4/2016,10/5/2016,0,0
Cell251Camera2,7/4/2016,10/2/2016,0,0
Cell251Camera3,7/4/2016,10/2/2016,0,0
Cell253Camera1,7/3/2016,10/2/2016,0,0
Cell253Camera2,7/4/2016,10/2/2016,0,0
Cell253Camera3,7/4/2016,10/5/2016,0,0
Cell253Camera4,7/4/2016,10/5/2016,0,0
Cell253Camera5,7/4/2016,10/5/2016,0,0
Cell254Camera1,7/6/2016,10/5/2016,0,0
Cell254Camera2,7/6/2016,10/5/2016,0,0
Cell254Camera3,7/6/2016,10/5/2016,0,0
Cell258Camera2,6/19/2016,9/21/2016,0,0
Cell258Camera3,6/19/2016,9/21/2016,0,0
Cell262Camera1,6/15/2016,9/17/2016,0,0
Cell262Camera2,6/16/2016,9/17/2016,0,0
Cell262Camera3,6/23/2016,9/30/2016,0,0
Cell267Camera1,6/3/2016,8/14/2016,0,0
Cell267Camera2,6/3/2016,8/14/2016,0,0
Cell268Camera1,6/3/2016,8/15/2016,0,0
Cell268Camera6,8/3/2017,10/10/2017,0,0
Cell268Camera2,6/2/2016,8/15/2016,0,0
Cell268Camera7,8/3/2017,10/10/2017,0,0
Cell268Camera3,6/2/2016,8/15/2016,0,0
Cell268Camera8,8/3/2017,10/10/2017,0,0
Cell268Camera4,6/2/2016,8/15/2016,0,0
Cell268Camera9,8/3/2017,10/10/2017,0,0
Cell268Camera5,6/3/2016,8/15/2016,0,0
Cell269Camera1,9/2/2016,9/22/2016,0,0
Cell269Camera2,6/20/2016,9/22/2016,0,0
Cell269Camera3,6/20/2016,9/22/2016,0,0
Cell26Camera1,7/14/2016,9/30/2016,0,0
Cell26Camera1K,7/30/2016,10/8/2016,0,0
Cell26Camera2,7/14/2016,9/30/2016,0,0
Cell26Camera2K,7/30/2016,10/8/2016,0,0
Cell26Camera3,7/14/2016,9/30/2016,0,0
Cell26Camera3K,7/31/2016,10/8/2016,0,0
Cell26Camera4K,7/31/2016,10/8/2016,0,0
Cell270Camera1,6/3/2016,8/15/2016,0,0
Cell270Camera2,6/3/2016,8/15/2016,0,0
Cell270Camera3,6/3/2016,8/15/2016,0,0
Cell270Camera4,6/2/2016,8/15/2016,0,0
Cell272Camera1,6/3/2016,8/15/2016,0,0
Cell272Camera2,6/3/2016,8/15/2016,0,0
Cell272Camera3,6/3/2016,8/14/2016,0,0
Cell274Camera1,6/21/2017,9/25/2017,0,0
Cell274Camera2,6/15/2017,9/28/2017,0,0
Cell274Camera3,6/15/2017,9/28/2017,0,0
Cell274Camera4,6/15/2017,9/25/2017,0,0
Cell275Camera1,6/2/2016,8/15/2016,0,0
Cell275Camera3,6/3/2016,8/15/2016,0,0
Cell275Camera4,6/2/2016,8/15/2016,0,0
Cell27Camera2,6/20/2017,10/6/2017,0,0
Cell27Camera3,6/20/2017,10/12/2017,0,0
Cell27Camera4,6/20/2017,10/13/2017,0,0
Cell29Camera1K,7/31/2016,10/8/2016,0,0
Cell29Camera2K,7/31/2016,10/8/2016,0,0
Cell29Camera3K,7/31/2016,10/8/2016,0,0
Cell29Camera4K,7/31/2016,10/8/2016,0,0
Cell2Camera1K,5/25/2016,7/30/2016,0,0
Cell2Camera1K2,6/20/2017,7/22/2017,0,0
Cell2Camera2K,5/25/2016,7/30/2016,0,0
Cell2Camera2K2,6/20/2017,7/22/2017,0,0
Cell2Camera3K,5/26/2016,7/30/2016,0,0
Cell2Camera3K2,7/22/2017,8/17/2017,0,0
Cell2Camera4K,5/26/2016,7/30/2016,0,0
Cell2Camera4K2,7/22/2017,8/17/2017,0,0
Cell30Camera1,7/25/2017,10/1/2017,0,0
Cell30Camera1K,8/8/2017,10/23/2017,0,0
Cell30Camera2,7/25/2017,9/11/2017,0,0
Cell30Camera2K,8/8/2017,10/16/2017,0,0
Cell31Camera1K,8/9/2016,10/8/2016,0,0
Cell31Camera6K,6/11/2017,8/12/2017,0,0
Cell31Camera2K,8/9/2016,10/8/2016,0,0
Cell31Camera7K,6/11/2017,8/13/2017,0,0
Cell31Camera3K,8/9/2016,10/8/2016,0,0
Cell31Camera8K,8/13/2017,10/7/2017,0,0
Cell31Camera4K,8/11/2016,10/8/2016,0,0
Cell31Camera9K,8/13/2017,10/7/2017,0,0
Cell31Camera5K,8/9/2016,10/8/2016,0,0
Cell32Camera1K,6/7/2017,8/8/2017,0,0
Cell32Camera2K,6/7/2017,8/8/2017,0,0
Cell32Camera3K,6/6/2017,8/8/2017,0,0
Cell32Camera4K,6/7/2017,8/8/2017,0,0
Cell33Camera1K,6/6/2017,8/8/2017,0,0
Cell33Camera2K,6/6/2017,8/8/2017,0,0
Cell33Camera3K,6/6/2017,8/8/2017,0,0
Cell33Camera4K,6/6/2017,7/21/2017,0,0
Cell34Camera1K,7/31/2016,10/8/2016,0,0
Cell34Camera2K,7/31/2016,10/8/2016,0,0
Cell34Camera3K,7/31/2016,10/8/2016,0,0
Cell34Camera4K,7/31/2016,10/8/2016,0,0
Cell35Camera1K,8/8/2016,10/7/2016,0,0
Cell35Camera2K,8/9/2016,10/8/2016,0,0
Cell35Camera3K,8/9/2016,10/8/2016,0,0
Cell36Camera1,6/19/2017,9/16/2017,0,0
Cell36Camera1K,5/22/2016,7/1/2016,0,0
Cell36Camera2,6/19/2017,8/18/2017,0,0
Cell36Camera2BK,7/1/2016,8/8/2016,0,0
Cell36Camera3,6/19/2017,8/18/2017,0,0
Cell36Camera3K,5/22/2016,8/8/2016,0,0
Cell36Camera4,6/19/2017,8/18/2017,0,0
Cell36Camera4K,5/22/2016,8/8/2016,0,0
Cell37Camera1K,7/30/2016,10/8/2016,0,0
Cell37Camera2K,7/30/2016,10/8/2016,0,0
Cell37Camera3K,7/30/2016,10/8/2016,0,0
Cell37Camera4K,5/22/2016,10/8/2016,0,0
Cell38Camera2K,6/10/2017,8/11/2017,0,0
Cell38Camera3K,6/10/2017,8/9/2017,0,0
Cell39Camera1,6/22/2017,8/23/2017,0,0
Cell39Camera1K,6/3/2016,8/7/2016,0,0
Cell39Camera2,6/22/2017,8/23/2017,0,0
Cell39Camera2K,6/3/2016,8/7/2016,0,0
Cell39Camera3,6/22/2017,8/23/2017,0,0
Cell39Camera3K,6/3/2016,8/7/2016,0,0
Cell39Camera4,6/22/2017,8/23/2017,0,0
Cell39Camera4K,6/3/2016,8/9/2016,0,0
Cell40Camera1K,5/24/2016,8/8/2016,0,0
Cell40Camera2K,5/24/2016,8/8/2016,0,0
Cell40Camera3K,5/23/2016,8/8/2016,0,0
Cell40Camera4K,5/23/2016,8/8/2016,0,0
Cell413Camera1,7/6/2017,9/6/2017,0,0
Cell413Camera2,7/6/2017,9/6/2017,0,0
Cell413Camera3,7/6/2017,9/6/2017,0,0
Cell41Camera1K,6/14/2017,8/19/2017,0,0
Cell41Camera2K,6/14/2017,8/19/2017,0,0
Cell41Camera3K,8/19/2017,9/14/2017,0,0
Cell41Camera4K,8/19/2017,9/14/2017,0,0
Cell43Camera1,6/6/2016,9/6/2016,0,0
Cell43Camera3,6/6/2016,9/6/2016,0,0
Cell442Camera1,7/7/2017,9/27/2017,0,0
Cell442Camera2,7/5/2017,9/27/2017,0,0
Cell442Camera3,7/6/2017,9/26/2017,0,0
Cell442Camera4,7/6/2017,9/26/2017,0,0
Cell44Camera1K,8/28/2016,10/9/2016,0,0
Cell44Camera2K,8/28/2016,10/9/2016,0,0
Cell44Camera3K,8/28/2016,10/9/2016,0,0
Cell44Camera4K,8/28/2016,10/9/2016,0,0
Cell456Camera1,7/7/2017,9/27/2017,0,0
Cell456Camera2,7/7/2017,9/27/2017,0,0
Cell456Camera3,7/6/2017,9/27/2017,0,0
Cell456Camera4,7/5/2017,7/25/2017,0,0
Cell45Camera1K,8/8/2017,10/6/2017,0,0
Cell45Camera2,7/13/2017,9/15/2017,0,0
Cell45Camera2K,8/8/2017,10/6/2017,0,0
Cell45Camera3,7/13/2017,9/15/2017,0,0
Cell45Camera3K,8/8/2017,10/6/2017,0,0
Cell45Camera4,7/13/2017,9/15/2017,0,0
Cell45Camera4K,8/8/2017,10/7/2017,0,0
Cell46Camera1,8/1/2017,10/9/2017,0,0
Cell46Camera1K,5/26/2016,7/29/2016,0,0
Cell46Camera2,8/1/2017,10/9/2017,0,0
Cell46Camera2K,5/26/2016,7/29/2016,0,0
Cell46Camera3,8/1/2017,10/9/2017,0,0
Cell46Camera3K,5/27/2016,7/29/2016,0,0
Cell46Camera4,8/1/2017,10/9/2017,0,0
Cell46Camera4K,5/27/2016,7/29/2016,0,0
Cell470Camera1,7/7/2017,9/12/2017,0,0
Cell470Camera2,7/7/2017,9/12/2017,0,0
Cell470Camera3,7/7/2017,9/12/2017,0,0
Cell470Camera4,7/7/2017,9/12/2017,0,0
Cell47Camera1,6/9/2017,10/3/2017,0,0
Cell47Camera1K,8/8/2017,10/22/2017,0,0
Cell47Camera2,6/9/2017,10/4/2017,0,0
Cell47Camera2K,8/8/2017,10/22/2017,0,0
Cell47Camera3,6/9/2017,9/27/2017,0,0
Cell47Camera3K,8/8/2017,10/22/2017,0,0
Cell47Camera4,9/1/2017,10/3/2017,0,0
Cell485Camera1,7/13/2017,8/22/2017,0,0
Cell485Camera4,7/13/2017,9/21/2017,0,0
Cell48Camera1,6/17/2016,9/15/2016,0,0
Cell48Camera1K,6/10/2017,8/8/2017,0,0
Cell48Camera2,6/17/2016,9/15/2016,0,0
Cell48Camera2K,6/10/2017,8/8/2017,0,0
Cell48Camera3,6/17/2016,9/15/2016,0,0
Cell48Camera3K,6/10/2017,8/8/2017,0,0
Cell48Camera4K,6/10/2017,8/8/2017,0,0
Cell499Camera1,7/6/2017,9/20/2017,0,0
Cell499Camera2,7/6/2017,9/20/2017,0,0
Cell499Camera3,7/6/2017,9/20/2017,0,0
Cell499Camera4,7/6/2017,9/20/2017,0,0
Cell49Camera1K,5/26/2016,7/29/2016,0,0
Cell49Camera2K,5/26/2016,7/29/2016,0,0
Cell49Camera3K,5/26/2016,7/29/2016,0,0
Cell49Camera4K,5/26/2016,7/9/2016,0,0
Cell50Camera1,5/15/2016,8/5/2016,0,0
Cell50Camera1K,5/27/2016,7/28/2016,0,0
Cell50Camera2,5/15/2016,8/5/2016,0,0
Cell50Camera2K,5/27/2016,7/28/2016,0,0
Cell50Camera3,5/16/2016,8/5/2016,0,0
Cell50Camera3K,5/27/2016,6/22/2016,0,0
Cell50Camera4,5/16/2016,8/5/2016,0,0
Cell50Camera4K,5/27/2016,7/28/2016,0,0
Cell50Camera5,5/17/2016,8/6/2016,0,0
Cell51Camera1,6/13/2016,8/1/2016,0,0
Cell51Camera2,6/15/2016,8/4/2016,0,0
Cell51Camera3,6/15/2016,8/4/2016,0,0
Cell52Camera1K,8/8/2017,10/6/2017,0,0
Cell52Camera2K,8/8/2017,10/7/2017,0,0
Cell52Camera3K,8/8/2017,10/7/2017,0,0
Cell52Camera4K,8/8/2017,10/7/2017,0,0
Cell53Camera1K,5/28/2016,7/27/2016,0,0
Cell53Camera2K,5/28/2016,7/27/2016,0,0
Cell53Camera3K,5/28/2016,7/27/2016,0,0
Cell53Camera4K,5/28/2016,7/27/2016,0,0
Cell54Camera1,7/26/2017,10/15/2017,0,0
Cell54Camera1K,8/7/2017,10/6/2017,0,0
Cell54Camera2K,8/7/2017,10/6/2017,0,0
Cell54Camera3,7/26/2017,10/15/2017,0,0
Cell54Camera3K,8/7/2017,10/6/2017,0,0
Cell54Camera4,7/26/2017,10/15/2017,0,0
Cell55Camera1,7/3/2016,10/2/2016,0,0
Cell55Camera1K,6/8/2017,8/7/2017,0,0
Cell55Camera2,7/3/2016,8/14/2016,0,0
Cell55Camera2K,6/8/2017,8/7/2017,0,0
Cell55Camera3,7/3/2016,9/1/2016,0,0
Cell55Camera3K,6/8/2017,8/7/2017,0,0
Cell55Camera4K,6/8/2017,8/7/2017,0,0
Cell57Camera1,6/7/2016,10/6/2016,0,0
Cell57Camera1K,6/8/2017,8/6/2017,0,0
Cell57Camera2,6/7/2016,9/5/2016,0,0
Cell57Camera2K,6/8/2017,8/7/2017,0,0
Cell57Camera3,6/15/2016,9/14/2016,0,0
Cell57Camera3K,6/8/2017,8/7/2017,0,0
Cell57Camera4,6/15/2016,9/21/2016,0,0
Cell57Camera5,6/15/2016,9/21/2016,0,0
Cell58Camera1K,6/7/2017,8/7/2017,0,0
Cell58Camera2K,6/7/2017,8/7/2017,0,0
Cell58Camera3K,6/7/2017,8/7/2017,0,0
Cell58Camera4K,6/7/2017,8/7/2017,0,0
Cell59Camera1,7/14/2017,10/10/2017,0,0
Cell59Camera1K,7/27/2016,10/7/2016,0,0
Cell59Camera2,7/14/2017,10/10/2017,0,0
Cell59Camera2K,7/28/2016,10/7/2016,0,0
Cell59Camera3,7/14/2017,10/10/2017,0,0
Cell59Camera3K,7/28/2016,10/7/2016,0,0
Cell59Camera4,7/14/2017,10/10/2017,0,0
Cell59Camera4K,7/28/2016,10/7/2016,0,0
Cell60Camera1,6/2/2016,8/15/2016,0,0
Cell60Camera1K,6/11/2017,8/10/2017,0,0
Cell60Camera2,6/2/2016,8/15/2016,0,0
Cell60Camera2K,6/12/2017,7/9/2017,0,0
Cell60Camera3,6/1/2016,8/15/2016,0,0
Cell60Camera3K,6/12/2017,7/26/2017,0,0
Cell60Camera4,6/1/2016,8/15/2016,0,0
Cell60Camera4K,6/12/2017,8/10/2017,0,0
Cell60Camera5,6/1/2016,8/15/2016,0,0
Cell61Camera1K,8/10/2017,10/21/2017,0,0
Cell61Camera2K,8/10/2017,10/21/2017,0,0
Cell61Camera3K,8/10/2017,10/21/2017,0,0
Cell61Camera4K,8/10/2017,10/21/2017,0,0
Cell62Camera1K,8/11/2016,10/9/2016,0,0
Cell62Camera2K,8/11/2016,10/9/2016,0,0
Cell62Camera3K,8/11/2016,10/9/2016,0,0
Cell62Camera4K,8/11/2016,10/9/2016,0,0
Cell63Camera1K,8/10/2017,10/21/2017,0,0
Cell63Camera2K,8/11/2017,10/21/2017,0,0
Cell63Camera3K,8/11/2017,10/11/2017,0,0
Cell63Camera4K,8/11/2017,10/3/2017,0,0
Cell64Camera1K,8/10/2016,10/9/2016,0,0
Cell64Camera2K,8/11/2016,10/9/2016,0,0
Cell64Camera3K,8/11/2016,10/9/2016,0,0
Cell64Camera4K,8/11/2016,10/9/2016,0,0
Cell65Camera2K,6/11/2017,8/11/2017,0,0
Cell65Camera3K,7/6/2017,8/11/2017,0,0
Cell65Camera4K,6/11/2017,8/11/2017,0,0
Cell66Camera1K,6/3/2016,8/8/2016,0,0
Cell66Camera2K,6/3/2016,8/8/2016,0,0
Cell66Camera3K,6/3/2016,8/8/2016,0,0
Cell66Camera4K,6/3/2016,8/8/2016,0,0
Cell673Camera1,7/15/2017,9/19/2017,0,0
Cell673Camera2,7/15/2017,9/19/2017,0,0
Cell673Camera3,7/15/2017,9/19/2017,0,0
Cell67Camera1K,6/4/2016,8/10/2016,0,0
Cell67Camera2K,6/4/2016,8/10/2016,0,0
Cell67Camera3K,6/4/2016,8/10/2016,0,0
Cell67Camera4K,6/4/2016,8/10/2016,0,0
Cell68Camera1K,7/7/2017,8/11/2017,0,0
Cell68Camera3K,6/10/2017,8/10/2017,0,0
Cell68Camera4K,6/11/2017,8/11/2017,0,0
Cell69Camera1K,8/11/2017,10/21/2017,0,0
Cell69Camera2K,8/12/2017,10/21/2017,0,0
Cell69Camera3K,8/12/2017,10/21/2017,0,0
Cell69Camera4K,8/12/2017,10/9/2017,0,0
Cell702Camera1,7/18/2017,9/21/2017,0,0
Cell702Camera2,7/18/2017,9/21/2017,0,0
Cell70Camera1,7/14/2017,9/25/2017,0,0
Cell70Camera2,7/14/2017,9/25/2017,0,0
Cell70Camera2K,6/4/2016,8/10/2016,0,0
Cell70Camera3,7/24/2017,9/26/2017,0,0
Cell70Camera3K,6/4/2016,8/10/2016,0,0
Cell70Camera4,7/24/2017,9/26/2017,0,0
Cell70camera4K,6/4/2016,8/10/2016,0,0
Cell717Camera1,7/12/2017,11/10/2017,0,0
Cell717Camera2,7/12/2017,11/10/2017,0,0
Cell717Camera3,7/12/2017,11/10/2017,0,0
Cell717Camera4,7/12/2017,11/10/2017,0,0
Cell71Camera1K,8/11/2017,10/21/2017,0,0
Cell71Camera3K,8/11/2017,10/21/2017,0,0
Cell71Camera4K,8/11/2017,9/28/2017,0,0
Cell72Camera1K,8/6/2017,10/6/2017,0,0
Cell72Camera2K,8/6/2017,10/6/2017,0,0
Cell72Camera3K,8/6/2017,10/6/2017,0,0
Cell731Camera1,7/11/2017,11/6/2017,0,0
Cell731Camera2,7/11/2017,11/6/2017,0,0
Cell731Camera3,7/11/2017,11/6/2017,0,0
Cell731Camera4,7/12/2017,11/6/2017,0,0
Cell73Camera1K,8/11/2016,10/9/2016,0,0
Cell73Camera2K,8/11/2016,10/9/2016,0,0
Cell73Camera3K,8/11/2016,10/9/2016,0,0
Cell73Camera4K,8/11/2016,10/9/2016,0,0
Cell74Camera1BK,7/2/2016,8/10/2016,0,0
Cell74Camera2K,5/23/2016,8/10/2016,0,0
Cell74Camera3K,5/23/2016,8/10/2016,0,0
Cell74Camera4K,5/23/2016,8/10/2016,0,0
Cell76Camera1K,7/27/2016,10/7/2016,0,0
Cell76Camera2K,7/28/2016,10/7/2016,0,0
Cell76Camera3K,7/28/2016,10/7/2016,0,0
Cell76Camera4K,7/28/2016,10/7/2016,0,0
Cell77Camera1K,5/28/2016,7/27/2016,0,0
Cell77Camera2K,5/28/2016,7/27/2016,0,0
Cell77Camera3K,5/28/2016,7/27/2016,0,0
Cell77Camera4K,5/28/2016,7/27/2016,0,0
Cell78Camera1K,6/8/2017,8/7/2017,0,0
Cell78Camera2K,6/8/2017,8/7/2017,0,0
Cell78Camera3K,6/8/2017,8/7/2017,0,0
Cell78Camera4K,6/8/2017,8/7/2017,0,0
Cell8Camera1K,6/6/2017,8/8/2017,0,0
Cell8Camera2K,6/6/2017,8/8/2017,0,0
Cell8Camera3K,6/6/2017,8/8/2017,0,0
Cell8Camera4K,6/6/2017,8/8/2017,0,0
Cell91Camera1,6/21/2017,10/13/2017,0,0
Cell91Camera2,6/21/2017,10/13/2017,0,0
Cell91Camera4,6/21/2017,8/3/2017,0,0
Cell95Camera1,7/14/2017,9/25/2017,0,0
Cell95Camera2,7/14/2017,9/25/2017,0,0
Cell95Camera3,7/14/2017,9/25/2017,0,0
Cell95Camera4,7/14/2017,9/25/2017,0,0
Cell98Camera1,7/21/2016,9/25/2016,0,0
Cell98Camera2,7/21/2016,9/25/2016,0,0
Cell98Camera3,7/21/2016,9/25/2016,0,0
Cell9Camera1,7/14/2017,9/25/2017,0,0
Cell9Camera1K,8/9/2017,10/8/2017,0,0
Cell9Camera2,7/14/2017,9/25/2017,0,0
Cell9Camera2K,8/9/2017,10/8/2017,0,0
Cell9Camera3,7/14/2017,9/25/2017,0,0
Cell9Camera3K,8/9/2017,10/8/2017,0,0
Cell9Camera4,7/14/2017,9/25/2017,0,0
Cell9Camera4K,8/9/2017,9/3/2017,0,0
